"OrderID,RequisitionID,HospitalID,SupplierID,OrderDate,TotalCost,Status,ExpectedDeliveryDate"
"PO00001,REQ00001,H001,S008,2025-01-01,290541,Open,2025-01-08"
"PO00002,REQ00001,H001,S007,2025-01-01,216724,Open,2025-01-04"
"PO00003,REQ00001,H001,S006,2025-01-01,224880,Open,2025-01-05"
"PO00004,REQ00001,H001,S001,2025-01-01,440336,Open,2025-01-05"
"PO00005,REQ00001,H001,S002,2025-01-01,131692,Open,2025-01-04"
"PO00006,REQ00001,H001,S016,2025-01-01,2766482,Open,2025-01-25"
"PO00007,REQ00001,H001,S012,2025-01-01,3519499,Open,2025-02-11"
"PO00008,REQ00001,H001,S018,2025-01-01,652487,Open,2025-02-03"
"PO00009,REQ00001,H001,S019,2025-01-01,3266678,Open,2025-01-23"
"PO00010,REQ00001,H001,S010,2025-01-01,2688048,Open,2025-02-01"
"PO00011,REQ00001,H001,S015,2025-01-01,1864706,Open,2025-01-23"
"PO00012,REQ00001,H001,S017,2025-01-01,894061,Open,2025-02-04"
"PO00013,REQ00001,H001,S009,2025-01-01,3791129,Open,2025-01-23"
"PO00014,REQ00001,H001,S011,2025-01-01,1682656,Open,2025-01-28"
"PO00015,REQ00001,H001,S013,2025-01-01,2923408,Open,2025-01-23"
"PO00016,REQ00001,H001,S014,2025-01-01,777659,Open,2025-01-21"
"PO00017,REQ00001,H001,S005,2025-01-01,176228,Open,2025-01-07"
"PO00018,REQ00001,H001,S003,2025-01-01,453426,Open,2025-01-07"
"PO00019,REQ00001,H001,S020,2025-01-01,87633,Open,2025-01-04"
"PO00020,REQ00001,H001,S004,2025-01-01,185361,Open,2025-01-04"
"PO00021,REQ00002,H002,S008,2025-01-01,29885,Open,2025-01-08"
"PO00022,REQ00002,H002,S005,2025-01-01,107817,Open,2025-01-07"
"PO00023,REQ00002,H002,S004,2025-01-01,451923,Open,2025-01-04"
"PO00024,REQ00002,H002,S020,2025-01-01,263551,Open,2025-01-04"
"PO00025,REQ00002,H002,S003,2025-01-01,402829,Open,2025-01-07"
"PO00026,REQ00002,H002,S006,2025-01-01,159499,Open,2025-01-05"
"PO00027,REQ00002,H002,S011,2025-01-01,2305112,Open,2025-01-28"
"PO00028,REQ00002,H002,S015,2025-01-01,6186470,Open,2025-01-23"
"PO00029,REQ00002,H002,S016,2025-01-01,847639,Open,2025-01-25"
"PO00030,REQ00002,H002,S010,2025-01-01,1785618,Open,2025-02-01"
"PO00031,REQ00002,H002,S017,2025-01-01,2102281,Open,2025-02-04"
"PO00032,REQ00002,H002,S018,2025-01-01,2494174,Open,2025-02-03"
"PO00033,REQ00002,H002,S009,2025-01-01,2093326,Open,2025-01-23"
"PO00034,REQ00002,H002,S013,2025-01-01,5173390,Open,2025-01-23"
"PO00035,REQ00002,H002,S019,2025-01-01,3531998,Open,2025-01-23"
"PO00036,REQ00002,H002,S014,2025-01-01,1236601,Open,2025-01-21"
"PO00037,REQ00002,H002,S012,2025-01-01,78720,Open,2025-02-11"
"PO00038,REQ00002,H002,S007,2025-01-01,112102,Open,2025-01-04"
"PO00039,REQ00002,H002,S001,2025-01-01,459882,Open,2025-01-05"
"PO00040,REQ00002,H002,S002,2025-01-01,139440,Open,2025-01-04"
"PO00041,REQ00003,H003,S001,2025-01-01,400487,Open,2025-01-05"
"PO00042,REQ00003,H003,S007,2025-01-01,134697,Open,2025-01-04"
"PO00043,REQ00003,H003,S008,2025-01-01,136172,Open,2025-01-08"
"PO00044,REQ00003,H003,S004,2025-01-01,122496,Open,2025-01-04"
"PO00045,REQ00003,H003,S003,2025-01-01,199670,Open,2025-01-07"
"PO00046,REQ00003,H003,S002,2025-01-01,438137,Open,2025-01-04"
"PO00047,REQ00003,H003,S020,2025-01-01,167918,Open,2025-01-04"
"PO00048,REQ00003,H003,S015,2025-01-01,2859745,Open,2025-01-23"
"PO00049,REQ00003,H003,S016,2025-01-01,1878973,Open,2025-01-25"
"PO00050,REQ00003,H003,S018,2025-01-01,1520691,Open,2025-02-03"
"PO00051,REQ00003,H003,S012,2025-01-01,2693355,Open,2025-02-11"
"PO00052,REQ00003,H003,S017,2025-01-01,3078120,Open,2025-02-04"
"PO00053,REQ00003,H003,S013,2025-01-01,2288139,Open,2025-01-23"
"PO00054,REQ00003,H003,S019,2025-01-01,3115862,Open,2025-01-23"
"PO00055,REQ00003,H003,S009,2025-01-01,1722666,Open,2025-01-23"
"PO00056,REQ00003,H003,S014,2025-01-01,1196925,Open,2025-01-21"
"PO00057,REQ00003,H003,S011,2025-01-01,2898634,Open,2025-01-28"
"PO00058,REQ00003,H003,S010,2025-01-01,4200099,Open,2025-02-01"
"PO00059,REQ00003,H003,S006,2025-01-01,176870,Open,2025-01-05"
"PO00060,REQ00003,H003,S005,2025-01-01,265035,Open,2025-01-07"
"PO00061,REQ00004,H004,S007,2025-01-01,181184,Open,2025-01-04"
"PO00062,REQ00004,H004,S005,2025-01-01,496357,Open,2025-01-07"
"PO00063,REQ00004,H004,S001,2025-01-01,306288,Open,2025-01-05"
"PO00064,REQ00004,H004,S003,2025-01-01,465440,Open,2025-01-07"
"PO00065,REQ00004,H004,S002,2025-01-01,246624,Open,2025-01-04"
"PO00066,REQ00004,H004,S015,2025-01-01,2478765,Open,2025-01-23"
"PO00067,REQ00004,H004,S012,2025-01-01,2419793,Open,2025-02-11"
"PO00068,REQ00004,H004,S019,2025-01-01,3071994,Open,2025-01-23"
"PO00069,REQ00004,H004,S010,2025-01-01,2547564,Open,2025-02-01"
"PO00070,REQ00004,H004,S014,2025-01-01,1273018,Open,2025-01-21"
"PO00071,REQ00004,H004,S016,2025-01-01,4928504,Open,2025-01-25"
"PO00072,REQ00004,H004,S011,2025-01-01,2741999,Open,2025-01-28"
"PO00073,REQ00004,H004,S013,2025-01-01,1816114,Open,2025-01-23"
"PO00074,REQ00004,H004,S017,2025-01-01,945374,Open,2025-02-04"
"PO00075,REQ00004,H004,S009,2025-01-01,2207283,Open,2025-01-23"
"PO00076,REQ00004,H004,S018,2025-01-01,1287197,Open,2025-02-03"
"PO00077,REQ00004,H004,S020,2025-01-01,63875,Open,2025-01-04"
"PO00078,REQ00004,H004,S004,2025-01-01,110732,Open,2025-01-04"
"PO00079,REQ00004,H004,S008,2025-01-01,98091,Open,2025-01-08"
"PO00080,REQ00005,H005,S005,2025-01-01,73028,Open,2025-01-07"
"PO00081,REQ00005,H005,S006,2025-01-01,90815,Open,2025-01-05"
"PO00082,REQ00005,H005,S004,2025-01-01,447032,Open,2025-01-04"
"PO00083,REQ00005,H005,S003,2025-01-01,148082,Open,2025-01-07"
"PO00084,REQ00005,H005,S001,2025-01-01,288504,Open,2025-01-05"
"PO00085,REQ00005,H005,S008,2025-01-01,253605,Open,2025-01-08"
"PO00086,REQ00005,H005,S002,2025-01-01,353692,Open,2025-01-04"
"PO00087,REQ00005,H005,S010,2025-01-01,1917883,Open,2025-02-01"
"PO00088,REQ00005,H005,S012,2025-01-01,1715187,Open,2025-02-11"
"PO00089,REQ00005,H005,S017,2025-01-01,4564374,Open,2025-02-04"
"PO00090,REQ00005,H005,S018,2025-01-01,4866095,Open,2025-02-03"
"PO00091,REQ00005,H005,S014,2025-01-01,3771772,Open,2025-01-21"
"PO00092,REQ00005,H005,S013,2025-01-01,2396876,Open,2025-01-23"
"PO00093,REQ00005,H005,S009,2025-01-01,4393566,Open,2025-01-23"
"PO00094,REQ00005,H005,S011,2025-01-01,603015,Open,2025-01-28"
"PO00095,REQ00005,H005,S019,2025-01-01,2469364,Open,2025-01-23"
"PO00096,REQ00005,H005,S016,2025-01-01,619783,Open,2025-01-25"
"PO00097,REQ00005,H005,S015,2025-01-01,519435,Open,2025-01-23"
"PO00098,REQ00005,H005,S007,2025-01-01,278703,Open,2025-01-04"
"PO00099,REQ00005,H005,S020,2025-01-01,81972,Open,2025-01-04"
"PO00100,REQ00006,H006,S003,2025-01-01,198303,Open,2025-01-07"
"PO00101,REQ00006,H006,S004,2025-01-01,220231,Open,2025-01-04"
"PO00102,REQ00006,H006,S005,2025-01-01,341200,Open,2025-01-07"
"PO00103,REQ00006,H006,S007,2025-01-01,229641,Open,2025-01-04"
"PO00104,REQ00006,H006,S001,2025-01-01,423714,Open,2025-01-05"
"PO00105,REQ00006,H006,S006,2025-01-01,325244,Open,2025-01-05"
"PO00106,REQ00006,H006,S017,2025-01-01,920645,Open,2025-02-04"
"PO00107,REQ00006,H006,S011,2025-01-01,2694938,Open,2025-01-28"
"PO00108,REQ00006,H006,S010,2025-01-01,1208160,Open,2025-02-01"
"PO00109,REQ00006,H006,S016,2025-01-01,4675386,Open,2025-01-25"
"PO00110,REQ00006,H006,S018,2025-01-01,2009954,Open,2025-02-03"
"PO00111,REQ00006,H006,S009,2025-01-01,2136453,Open,2025-01-23"
"PO00112,REQ00006,H006,S012,2025-01-01,2214087,Open,2025-02-11"
"PO00113,REQ00006,H006,S019,2025-01-01,2423436,Open,2025-01-23"
"PO00114,REQ00006,H006,S013,2025-01-01,3988585,Open,2025-01-23"
"PO00115,REQ00006,H006,S014,2025-01-01,2820010,Open,2025-01-21"
"PO00116,REQ00006,H006,S015,2025-01-01,732070,Open,2025-01-23"
"PO00117,REQ00006,H006,S020,2025-01-01,118984,Open,2025-01-04"
"PO00118,REQ00006,H006,S002,2025-01-01,277821,Open,2025-01-04"
"PO00119,REQ00006,H006,S008,2025-01-01,38259,Open,2025-01-08"
"PO00120,REQ00007,H007,S003,2025-01-01,89603,Open,2025-01-07"
"PO00121,REQ00007,H007,S006,2025-01-01,188659,Open,2025-01-05"
"PO00122,REQ00007,H007,S020,2025-01-01,727427,Open,2025-01-04"
"PO00123,REQ00007,H007,S007,2025-01-01,471336,Open,2025-01-04"
"PO00124,REQ00007,H007,S004,2025-01-01,149966,Open,2025-01-04"
"PO00125,REQ00007,H007,S001,2025-01-01,212158,Open,2025-01-05"
"PO00126,REQ00007,H007,S010,2025-01-01,1107688,Open,2025-02-01"
"PO00127,REQ00007,H007,S015,2025-01-01,2570294,Open,2025-01-23"
"PO00128,REQ00007,H007,S019,2025-01-01,2145868,Open,2025-01-23"
"PO00129,REQ00007,H007,S012,2025-01-01,372171,Open,2025-02-11"
"PO00130,REQ00007,H007,S018,2025-01-01,3813751,Open,2025-02-03"
"PO00131,REQ00007,H007,S016,2025-01-01,644131,Open,2025-01-25"
"PO00132,REQ00007,H007,S017,2025-01-01,3989275,Open,2025-02-04"
"PO00133,REQ00007,H007,S009,2025-01-01,2385337,Open,2025-01-23"
"PO00134,REQ00007,H007,S011,2025-01-01,4405904,Open,2025-01-28"
"PO00135,REQ00007,H007,S014,2025-01-01,2701718,Open,2025-01-21"
"PO00136,REQ00007,H007,S013,2025-01-01,1690993,Open,2025-01-23"
"PO00137,REQ00007,H007,S008,2025-01-01,148208,Open,2025-01-08"
"PO00138,REQ00007,H007,S005,2025-01-01,53371,Open,2025-01-07"
"PO00139,REQ00008,H008,S006,2025-01-01,115317,Open,2025-01-05"
"PO00140,REQ00008,H008,S008,2025-01-01,110907,Open,2025-01-08"
"PO00141,REQ00008,H008,S020,2025-01-01,151667,Open,2025-01-04"
"PO00142,REQ00008,H008,S004,2025-01-01,102459,Open,2025-01-04"
"PO00143,REQ00008,H008,S001,2025-01-01,483554,Open,2025-01-05"
"PO00144,REQ00008,H008,S007,2025-01-01,249633,Open,2025-01-04"
"PO00145,REQ00008,H008,S005,2025-01-01,134306,Open,2025-01-07"
"PO00146,REQ00008,H008,S010,2025-01-01,2135843,Open,2025-02-01"
"PO00147,REQ00008,H008,S015,2025-01-01,3852466,Open,2025-01-23"
"PO00148,REQ00008,H008,S017,2025-01-01,3969606,Open,2025-02-04"
"PO00149,REQ00008,H008,S012,2025-01-01,1541099,Open,2025-02-11"
"PO00150,REQ00008,H008,S009,2025-01-01,2319710,Open,2025-01-23"
"PO00151,REQ00008,H008,S018,2025-01-01,2792211,Open,2025-02-03"
"PO00152,REQ00008,H008,S011,2025-01-01,2016253,Open,2025-01-28"
"PO00153,REQ00008,H008,S016,2025-01-01,5621831,Open,2025-01-25"
"PO00154,REQ00008,H008,S013,2025-01-01,2226767,Open,2025-01-23"
"PO00155,REQ00008,H008,S014,2025-01-01,677658,Open,2025-01-21"
"PO00156,REQ00008,H008,S002,2025-01-01,388436,Open,2025-01-04"
"PO00157,REQ00008,H008,S003,2025-01-01,328419,Open,2025-01-07"
"PO00158,REQ00008,H008,S019,2025-01-01,283671,Open,2025-01-23"
"PO00159,REQ00009,H009,S008,2025-01-01,413709,Open,2025-01-08"
"PO00160,REQ00009,H009,S020,2025-01-01,323744,Open,2025-01-04"
"PO00161,REQ00009,H009,S002,2025-01-01,268920,Open,2025-01-04"
"PO00162,REQ00009,H009,S001,2025-01-01,267934,Open,2025-01-05"
"PO00163,REQ00009,H009,S004,2025-01-01,352370,Open,2025-01-04"
"PO00164,REQ00009,H009,S006,2025-01-01,192098,Open,2025-01-05"
"PO00165,REQ00009,H009,S003,2025-01-01,31540,Open,2025-01-07"
"PO00166,REQ00009,H009,S012,2025-01-01,4688918,Open,2025-02-11"
"PO00167,REQ00009,H009,S019,2025-01-01,1608586,Open,2025-01-23"
"PO00168,REQ00009,H009,S010,2025-01-01,1634183,Open,2025-02-01"
"PO00169,REQ00009,H009,S014,2025-01-01,2403138,Open,2025-01-21"
"PO00170,REQ00009,H009,S011,2025-01-01,3380257,Open,2025-01-28"
"PO00171,REQ00009,H009,S013,2025-01-01,3669561,Open,2025-01-23"
"PO00172,REQ00009,H009,S018,2025-01-01,4721092,Open,2025-02-03"
"PO00173,REQ00009,H009,S017,2025-01-01,1194234,Open,2025-02-04"
"PO00174,REQ00009,H009,S016,2025-01-01,588912,Open,2025-01-25"
"PO00175,REQ00009,H009,S009,2025-01-01,1529846,Open,2025-01-23"
"PO00176,REQ00009,H009,S015,2025-01-01,561186,Open,2025-01-23"
"PO00177,REQ00009,H009,S005,2025-01-01,56137,Open,2025-01-07"
"PO00178,REQ00009,H009,S007,2025-01-01,31117,Open,2025-01-04"
"PO00179,REQ00010,H010,S002,2025-01-01,323259,Open,2025-01-04"
"PO00180,REQ00010,H010,S005,2025-01-01,543964,Open,2025-01-07"
"PO00181,REQ00010,H010,S001,2025-01-01,25270,Open,2025-01-05"
"PO00182,REQ00010,H010,S008,2025-01-01,307742,Open,2025-01-08"
"PO00183,REQ00010,H010,S003,2025-01-01,405532,Open,2025-01-07"
"PO00184,REQ00010,H010,S006,2025-01-01,235368,Open,2025-01-05"
"PO00185,REQ00010,H010,S016,2025-01-01,812175,Open,2025-01-25"
"PO00186,REQ00010,H010,S010,2025-01-01,2465353,Open,2025-02-01"
"PO00187,REQ00010,H010,S019,2025-01-01,2969484,Open,2025-01-23"
"PO00188,REQ00010,H010,S014,2025-01-01,2361187,Open,2025-01-21"
"PO00189,REQ00010,H010,S009,2025-01-01,3214040,Open,2025-01-23"
"PO00190,REQ00010,H010,S015,2025-01-01,3204946,Open,2025-01-23"
"PO00191,REQ00010,H010,S013,2025-01-01,4142602,Open,2025-01-23"
"PO00192,REQ00010,H010,S011,2025-01-01,782868,Open,2025-01-28"
"PO00193,REQ00010,H010,S017,2025-01-01,1836226,Open,2025-02-04"
"PO00194,REQ00010,H010,S012,2025-01-01,2617435,Open,2025-02-11"
"PO00195,REQ00010,H010,S018,2025-01-01,572265,Open,2025-02-03"
"PO00196,REQ00010,H010,S004,2025-01-01,197392,Open,2025-01-04"
"PO00197,REQ00010,H010,S020,2025-01-01,107406,Open,2025-01-04"
"PO00198,REQ00010,H010,S007,2025-01-01,59986,Open,2025-01-04"
"PO00199,REQ00011,H001,S005,2025-04-01,468113,Open,2025-04-07"
"PO00200,REQ00011,H001,S020,2025-04-01,186201,Open,2025-04-04"
"PO00201,REQ00011,H001,S007,2025-04-01,606298,Open,2025-04-04"
"PO00202,REQ00011,H001,S008,2025-04-01,514733,Open,2025-04-08"
"PO00203,REQ00011,H001,S004,2025-04-01,321015,Open,2025-04-04"
"PO00204,REQ00011,H001,S011,2025-04-01,2676773,Open,2025-04-28"
"PO00205,REQ00011,H001,S019,2025-04-01,2373284,Open,2025-04-23"
"PO00206,REQ00011,H001,S015,2025-04-01,2578660,Open,2025-04-23"
"PO00207,REQ00011,H001,S013,2025-04-01,2532824,Open,2025-04-23"
"PO00208,REQ00011,H001,S012,2025-04-01,2238927,Open,2025-05-12"
"PO00209,REQ00011,H001,S016,2025-04-01,3555044,Open,2025-04-25"
"PO00210,REQ00011,H001,S010,2025-04-01,1355242,Open,2025-05-02"
"PO00211,REQ00011,H001,S018,2025-04-01,1043859,Open,2025-05-04"
"PO00212,REQ00011,H001,S017,2025-04-01,1595487,Open,2025-05-05"
"PO00213,REQ00011,H001,S009,2025-04-01,585206,Open,2025-04-23"
"PO00214,REQ00011,H001,S014,2025-04-01,1232563,Open,2025-04-21"
"PO00215,REQ00011,H001,S001,2025-04-01,467205,Open,2025-04-05"
"PO00216,REQ00011,H001,S003,2025-04-01,305682,Open,2025-04-07"
"PO00217,REQ00011,H001,S006,2025-04-01,324580,Open,2025-04-05"
"PO00218,REQ00012,H002,S003,2025-04-01,175994,Open,2025-04-07"
"PO00219,REQ00012,H002,S008,2025-04-01,404352,Open,2025-04-08"
"PO00220,REQ00012,H002,S005,2025-04-01,831690,Open,2025-04-07"
"PO00221,REQ00012,H002,S002,2025-04-01,208947,Open,2025-04-04"
"PO00222,REQ00012,H002,S001,2025-04-01,424465,Open,2025-04-05"
"PO00223,REQ00012,H002,S016,2025-04-01,1669560,Open,2025-04-25"
"PO00224,REQ00012,H002,S011,2025-04-01,3031497,Open,2025-04-28"
"PO00225,REQ00012,H002,S013,2025-04-01,1791592,Open,2025-04-23"
"PO00226,REQ00012,H002,S017,2025-04-01,1313921,Open,2025-05-05"
"PO00227,REQ00012,H002,S009,2025-04-01,2957098,Open,2025-04-23"
"PO00228,REQ00012,H002,S018,2025-04-01,3859484,Open,2025-05-04"
"PO00229,REQ00012,H002,S010,2025-04-01,1619443,Open,2025-05-02"
"PO00230,REQ00012,H002,S014,2025-04-01,2034716,Open,2025-04-21"
"PO00231,REQ00012,H002,S019,2025-04-01,1159680,Open,2025-04-23"
"PO00232,REQ00012,H002,S015,2025-04-01,1259802,Open,2025-04-23"
"PO00233,REQ00012,H002,S012,2025-04-01,1215785,Open,2025-05-12"
"PO00234,REQ00012,H002,S004,2025-04-01,441130,Open,2025-04-04"
"PO00235,REQ00012,H002,S020,2025-04-01,113207,Open,2025-04-04"
"PO00236,REQ00012,H002,S006,2025-04-01,506356,Open,2025-04-05"
"PO00237,REQ00012,H002,S007,2025-04-01,78765,Open,2025-04-04"
"PO00238,REQ00013,H003,S020,2025-04-01,170708,Open,2025-04-04"
"PO00239,REQ00013,H003,S002,2025-04-01,398637,Open,2025-04-04"
"PO00240,REQ00013,H003,S001,2025-04-01,433605,Open,2025-04-05"
"PO00241,REQ00013,H003,S008,2025-04-01,848589,Open,2025-04-08"
"PO00242,REQ00013,H003,S004,2025-04-01,449724,Open,2025-04-04"
"PO00243,REQ00013,H003,S003,2025-04-01,112890,Open,2025-04-07"
"PO00244,REQ00013,H003,S011,2025-04-01,4348580,Open,2025-04-28"
"PO00245,REQ00013,H003,S009,2025-04-01,2710734,Open,2025-04-23"
"PO00246,REQ00013,H003,S019,2025-04-01,1160558,Open,2025-04-23"
"PO00247,REQ00013,H003,S016,2025-04-01,1611704,Open,2025-04-25"
"PO00248,REQ00013,H003,S014,2025-04-01,3090202,Open,2025-04-21"
"PO00249,REQ00013,H003,S015,2025-04-01,2533429,Open,2025-04-23"
"PO00250,REQ00013,H003,S017,2025-04-01,2492841,Open,2025-05-05"
"PO00251,REQ00013,H003,S013,2025-04-01,1450372,Open,2025-04-23"
"PO00252,REQ00013,H003,S018,2025-04-01,723656,Open,2025-05-04"
"PO00253,REQ00013,H003,S010,2025-04-01,846778,Open,2025-05-02"
"PO00254,REQ00013,H003,S012,2025-04-01,727888,Open,2025-05-12"
"PO00255,REQ00013,H003,S005,2025-04-01,352595,Open,2025-04-07"
"PO00256,REQ00013,H003,S007,2025-04-01,234774,Open,2025-04-04"
"PO00257,REQ00013,H003,S006,2025-04-01,100576,Open,2025-04-05"
"PO00258,REQ00014,H004,S007,2025-04-01,588671,Open,2025-04-04"
"PO00259,REQ00014,H004,S005,2025-04-01,284388,Open,2025-04-07"
"PO00260,REQ00014,H004,S006,2025-04-01,469709,Open,2025-04-05"
"PO00261,REQ00014,H004,S002,2025-04-01,107042,Open,2025-04-04"
"PO00262,REQ00014,H004,S004,2025-04-01,705345,Open,2025-04-04"
"PO00263,REQ00014,H004,S008,2025-04-01,84018,Open,2025-04-08"
"PO00264,REQ00014,H004,S018,2025-04-01,1344005,Open,2025-05-04"
"PO00265,REQ00014,H004,S016,2025-04-01,2578169,Open,2025-04-25"
"PO00266,REQ00014,H004,S019,2025-04-01,1602335,Open,2025-04-23"
"PO00267,REQ00014,H004,S010,2025-04-01,2348892,Open,2025-05-02"
"PO00268,REQ00014,H004,S009,2025-04-01,2309221,Open,2025-04-23"
"PO00269,REQ00014,H004,S017,2025-04-01,2621890,Open,2025-05-05"
"PO00270,REQ00014,H004,S014,2025-04-01,2442435,Open,2025-04-21"
"PO00271,REQ00014,H004,S013,2025-04-01,1017787,Open,2025-04-23"
"PO00272,REQ00014,H004,S011,2025-04-01,2495604,Open,2025-04-28"
"PO00273,REQ00014,H004,S012,2025-04-01,2306471,Open,2025-05-12"
"PO00274,REQ00014,H004,S015,2025-04-01,560359,Open,2025-04-23"
"PO00275,REQ00014,H004,S020,2025-04-01,304634,Open,2025-04-04"
"PO00276,REQ00014,H004,S003,2025-04-01,283460,Open,2025-04-07"
"PO00277,REQ00014,H004,S001,2025-04-01,319737,Open,2025-04-05"
"PO00278,REQ00015,H005,S007,2025-04-01,274731,Open,2025-04-04"
"PO00279,REQ00015,H005,S001,2025-04-01,486201,Open,2025-04-05"
"PO00280,REQ00015,H005,S006,2025-04-01,738589,Open,2025-04-05"
"PO00281,REQ00015,H005,S005,2025-04-01,448108,Open,2025-04-07"
"PO00282,REQ00015,H005,S004,2025-04-01,270498,Open,2025-04-04"
"PO00283,REQ00015,H005,S003,2025-04-01,610643,Open,2025-04-07"
"PO00284,REQ00015,H005,S013,2025-04-01,1983317,Open,2025-04-23"
"PO00285,REQ00015,H005,S010,2025-04-01,2265342,Open,2025-05-02"
"PO00286,REQ00015,H005,S016,2025-04-01,2516165,Open,2025-04-25"
"PO00287,REQ00015,H005,S011,2025-04-01,3626220,Open,2025-04-28"
"PO00288,REQ00015,H005,S018,2025-04-01,3523655,Open,2025-05-04"
"PO00289,REQ00015,H005,S014,2025-04-01,2157580,Open,2025-04-21"
"PO00290,REQ00015,H005,S009,2025-04-01,2401241,Open,2025-04-23"
"PO00291,REQ00015,H005,S017,2025-04-01,412478,Open,2025-05-05"
"PO00292,REQ00015,H005,S012,2025-04-01,724491,Open,2025-05-12"
"PO00293,REQ00015,H005,S019,2025-04-01,1514471,Open,2025-04-23"
"PO00294,REQ00015,H005,S015,2025-04-01,618138,Open,2025-04-23"
"PO00295,REQ00015,H005,S008,2025-04-01,312736,Open,2025-04-08"
"PO00296,REQ00015,H005,S002,2025-04-01,63480,Open,2025-04-04"
"PO00297,REQ00016,H006,S007,2025-04-01,326327,Open,2025-04-04"
"PO00298,REQ00016,H006,S008,2025-04-01,51062,Open,2025-04-08"
"PO00299,REQ00016,H006,S001,2025-04-01,407289,Open,2025-04-05"
"PO00300,REQ00016,H006,S005,2025-04-01,339719,Open,2025-04-07"
"PO00301,REQ00016,H006,S002,2025-04-01,230087,Open,2025-04-04"
"PO00302,REQ00016,H006,S004,2025-04-01,197276,Open,2025-04-04"
"PO00303,REQ00016,H006,S020,2025-04-01,1060767,Open,2025-04-04"
"PO00304,REQ00016,H006,S016,2025-04-01,704035,Open,2025-04-25"
"PO00305,REQ00016,H006,S010,2025-04-01,1537916,Open,2025-05-02"
"PO00306,REQ00016,H006,S014,2025-04-01,3285253,Open,2025-04-21"
"PO00307,REQ00016,H006,S011,2025-04-01,3249905,Open,2025-04-28"
"PO00308,REQ00016,H006,S015,2025-04-01,2981929,Open,2025-04-23"
"PO00309,REQ00016,H006,S013,2025-04-01,2696400,Open,2025-04-23"
"PO00310,REQ00016,H006,S019,2025-04-01,1782931,Open,2025-04-23"
"PO00311,REQ00016,H006,S018,2025-04-01,2346882,Open,2025-05-04"
"PO00312,REQ00016,H006,S012,2025-04-01,1417341,Open,2025-05-12"
"PO00313,REQ00016,H006,S009,2025-04-01,1292372,Open,2025-04-23"
"PO00314,REQ00016,H006,S003,2025-04-01,470931,Open,2025-04-07"
"PO00315,REQ00016,H006,S017,2025-04-01,424032,Open,2025-05-05"
"PO00316,REQ00016,H006,S006,2025-04-01,106176,Open,2025-04-05"
"PO00317,REQ00017,H007,S001,2025-04-01,300665,Open,2025-04-05"
"PO00318,REQ00017,H007,S006,2025-04-01,570623,Open,2025-04-05"
"PO00319,REQ00017,H007,S004,2025-04-01,641261,Open,2025-04-04"
"PO00320,REQ00017,H007,S003,2025-04-01,510029,Open,2025-04-07"
"PO00321,REQ00017,H007,S008,2025-04-01,532863,Open,2025-04-08"
"PO00322,REQ00017,H007,S005,2025-04-01,107520,Open,2025-04-07"
"PO00323,REQ00017,H007,S007,2025-04-01,88692,Open,2025-04-04"
"PO00324,REQ00017,H007,S018,2025-04-01,2370558,Open,2025-05-04"
"PO00325,REQ00017,H007,S017,2025-04-01,2339272,Open,2025-05-05"
"PO00326,REQ00017,H007,S010,2025-04-01,2831360,Open,2025-05-02"
"PO00327,REQ00017,H007,S019,2025-04-01,2864620,Open,2025-04-23"
"PO00328,REQ00017,H007,S014,2025-04-01,2264054,Open,2025-04-21"
"PO00329,REQ00017,H007,S009,2025-04-01,2915818,Open,2025-04-23"
"PO00330,REQ00017,H007,S012,2025-04-01,1126431,Open,2025-05-12"
"PO00331,REQ00017,H007,S011,2025-04-01,2573287,Open,2025-04-28"
"PO00332,REQ00017,H007,S015,2025-04-01,1699530,Open,2025-04-23"
"PO00333,REQ00017,H007,S016,2025-04-01,475318,Open,2025-04-25"
"PO00334,REQ00017,H007,S013,2025-04-01,382047,Open,2025-04-23"
"PO00335,REQ00017,H007,S002,2025-04-01,469926,Open,2025-04-04"
"PO00336,REQ00017,H007,S020,2025-04-01,35880,Open,2025-04-04"
"PO00337,REQ00018,H008,S005,2025-04-01,227910,Open,2025-04-07"
"PO00338,REQ00018,H008,S008,2025-04-01,364752,Open,2025-04-08"
"PO00339,REQ00018,H008,S007,2025-04-01,438517,Open,2025-04-04"
"PO00340,REQ00018,H008,S020,2025-04-01,470717,Open,2025-04-04"
"PO00341,REQ00018,H008,S001,2025-04-01,604050,Open,2025-04-05"
"PO00342,REQ00018,H008,S006,2025-04-01,521971,Open,2025-04-05"
"PO00343,REQ00018,H008,S019,2025-04-01,6309107,Open,2025-04-23"
"PO00344,REQ00018,H008,S011,2025-04-01,1541991,Open,2025-04-28"
"PO00345,REQ00018,H008,S013,2025-04-01,2052376,Open,2025-04-23"
"PO00346,REQ00018,H008,S017,2025-04-01,2336569,Open,2025-05-05"
"PO00347,REQ00018,H008,S015,2025-04-01,1149071,Open,2025-04-23"
"PO00348,REQ00018,H008,S009,2025-04-01,1989490,Open,2025-04-23"
"PO00349,REQ00018,H008,S016,2025-04-01,1567718,Open,2025-04-25"
"PO00350,REQ00018,H008,S012,2025-04-01,1822551,Open,2025-05-12"
"PO00351,REQ00018,H008,S010,2025-04-01,930002,Open,2025-05-02"
"PO00352,REQ00018,H008,S014,2025-04-01,1495635,Open,2025-04-21"
"PO00353,REQ00018,H008,S018,2025-04-01,533842,Open,2025-05-04"
"PO00354,REQ00018,H008,S004,2025-04-01,310858,Open,2025-04-04"
"PO00355,REQ00018,H008,S003,2025-04-01,117713,Open,2025-04-07"
"PO00356,REQ00018,H008,S002,2025-04-01,136604,Open,2025-04-04"
"PO00357,REQ00019,H009,S004,2025-04-01,197913,Open,2025-04-04"
"PO00358,REQ00019,H009,S005,2025-04-01,417480,Open,2025-04-07"
"PO00359,REQ00019,H009,S001,2025-04-01,358271,Open,2025-04-05"
"PO00360,REQ00019,H009,S008,2025-04-01,396101,Open,2025-04-08"
"PO00361,REQ00019,H009,S006,2025-04-01,795238,Open,2025-04-05"
"PO00362,REQ00019,H009,S002,2025-04-01,508209,Open,2025-04-04"
"PO00363,REQ00019,H009,S015,2025-04-01,2661179,Open,2025-04-23"
"PO00364,REQ00019,H009,S019,2025-04-01,3041038,Open,2025-04-23"
"PO00365,REQ00019,H009,S014,2025-04-01,2293225,Open,2025-04-21"
"PO00366,REQ00019,H009,S017,2025-04-01,2375261,Open,2025-05-05"
"PO00367,REQ00019,H009,S010,2025-04-01,2336420,Open,2025-05-02"
"PO00368,REQ00019,H009,S009,2025-04-01,3185766,Open,2025-04-23"
"PO00369,REQ00019,H009,S011,2025-04-01,1692262,Open,2025-04-28"
"PO00370,REQ00019,H009,S016,2025-04-01,933939,Open,2025-04-25"
"PO00371,REQ00019,H009,S018,2025-04-01,688437,Open,2025-05-04"
"PO00372,REQ00019,H009,S012,2025-04-01,1997320,Open,2025-05-12"
"PO00373,REQ00019,H009,S013,2025-04-01,666271,Open,2025-04-23"
"PO00374,REQ00019,H009,S020,2025-04-01,361488,Open,2025-04-04"
"PO00375,REQ00019,H009,S003,2025-04-01,129944,Open,2025-04-07"
"PO00376,REQ00019,H009,S007,2025-04-01,36465,Open,2025-04-04"
"PO00377,REQ00020,H010,S001,2025-04-01,800359,Open,2025-04-05"
"PO00378,REQ00020,H010,S008,2025-04-01,420642,Open,2025-04-08"
"PO00379,REQ00020,H010,S004,2025-04-01,152516,Open,2025-04-04"
"PO00380,REQ00020,H010,S020,2025-04-01,312404,Open,2025-04-04"
"PO00381,REQ00020,H010,S003,2025-04-01,332537,Open,2025-04-07"
"PO00382,REQ00020,H010,S002,2025-04-01,439153,Open,2025-04-04"
"PO00383,REQ00020,H010,S005,2025-04-01,400651,Open,2025-04-07"
"PO00384,REQ00020,H010,S016,2025-04-01,2789720,Open,2025-04-25"
"PO00385,REQ00020,H010,S019,2025-04-01,883769,Open,2025-04-23"
"PO00386,REQ00020,H010,S010,2025-04-01,1890383,Open,2025-05-02"
"PO00387,REQ00020,H010,S012,2025-04-01,2624389,Open,2025-05-12"
"PO00388,REQ00020,H010,S018,2025-04-01,4069715,Open,2025-05-04"
"PO00389,REQ00020,H010,S014,2025-04-01,1927089,Open,2025-04-21"
"PO00390,REQ00020,H010,S017,2025-04-01,3881243,Open,2025-05-05"
"PO00391,REQ00020,H010,S009,2025-04-01,809647,Open,2025-04-23"
"PO00392,REQ00020,H010,S015,2025-04-01,1383026,Open,2025-04-23"
"PO00393,REQ00020,H010,S013,2025-04-01,228417,Open,2025-04-23"
"PO00394,REQ00020,H010,S011,2025-04-01,1123024,Open,2025-04-28"
"PO00395,REQ00020,H010,S006,2025-04-01,128760,Open,2025-04-05"
"PO00396,REQ00020,H010,S007,2025-04-01,185811,Open,2025-04-04"
"PO00397,REQ00021,H001,S003,2025-07-01,224645,Open,2025-07-07"
"PO00398,REQ00021,H001,S002,2025-07-01,660349,Open,2025-07-04"
"PO00399,REQ00021,H001,S008,2025-07-01,142369,Open,2025-07-08"
"PO00400,REQ00021,H001,S020,2025-07-01,355488,Open,2025-07-04"
"PO00401,REQ00021,H001,S004,2025-07-01,401606,Open,2025-07-04"
"PO00402,REQ00021,H001,S007,2025-07-01,606543,Open,2025-07-04"
"PO00403,REQ00021,H001,S009,2025-07-01,2773356,Open,2025-07-23"
"PO00404,REQ00021,H001,S015,2025-07-01,2079989,Open,2025-07-23"
"PO00405,REQ00021,H001,S018,2025-07-01,2775091,Open,2025-08-03"
"PO00406,REQ00021,H001,S011,2025-07-01,3508619,Open,2025-07-28"
"PO00407,REQ00021,H001,S014,2025-07-01,1552211,Open,2025-07-21"
"PO00408,REQ00021,H001,S012,2025-07-01,465693,Open,2025-08-11"
"PO00409,REQ00021,H001,S019,2025-07-01,363821,Open,2025-07-23"
"PO00410,REQ00021,H001,S013,2025-07-01,3061228,Open,2025-07-23"
"PO00411,REQ00021,H001,S016,2025-07-01,794934,Open,2025-07-25"
"PO00412,REQ00021,H001,S017,2025-07-01,1980671,Open,2025-08-04"
"PO00413,REQ00021,H001,S010,2025-07-01,2155577,Open,2025-08-01"
"PO00414,REQ00021,H001,S005,2025-07-01,566654,Open,2025-07-07"
"PO00415,REQ00021,H001,S001,2025-07-01,185652,Open,2025-07-05"
"PO00416,REQ00021,H001,S006,2025-07-01,102265,Open,2025-07-05"
"PO00417,REQ00022,H002,S005,2025-07-01,349557,Open,2025-07-07"
"PO00418,REQ00022,H002,S007,2025-07-01,118987,Open,2025-07-04"
"PO00419,REQ00022,H002,S003,2025-07-01,442102,Open,2025-07-07"
"PO00420,REQ00022,H002,S001,2025-07-01,448126,Open,2025-07-05"
"PO00421,REQ00022,H002,S006,2025-07-01,580726,Open,2025-07-05"
"PO00422,REQ00022,H002,S002,2025-07-01,57000,Open,2025-07-04"
"PO00423,REQ00022,H002,S008,2025-07-01,395017,Open,2025-07-08"
"PO00424,REQ00022,H002,S017,2025-07-01,3230097,Open,2025-08-04"
"PO00425,REQ00022,H002,S014,2025-07-01,1172130,Open,2025-07-21"
"PO00426,REQ00022,H002,S012,2025-07-01,2799358,Open,2025-08-11"
"PO00427,REQ00022,H002,S013,2025-07-01,1955608,Open,2025-07-23"
"PO00428,REQ00022,H002,S016,2025-07-01,3311900,Open,2025-07-25"
"PO00429,REQ00022,H002,S010,2025-07-01,4019022,Open,2025-08-01"
"PO00430,REQ00022,H002,S019,2025-07-01,856001,Open,2025-07-23"
"PO00431,REQ00022,H002,S015,2025-07-01,1010906,Open,2025-07-23"
"PO00432,REQ00022,H002,S009,2025-07-01,1632390,Open,2025-07-23"
"PO00433,REQ00022,H002,S018,2025-07-01,874916,Open,2025-08-03"
"PO00434,REQ00022,H002,S011,2025-07-01,671180,Open,2025-07-28"
"PO00435,REQ00022,H002,S004,2025-07-01,420994,Open,2025-07-04"
"PO00436,REQ00022,H002,S020,2025-07-01,454273,Open,2025-07-04"
"PO00437,REQ00023,H003,S006,2025-07-01,539789,Open,2025-07-05"
"PO00438,REQ00023,H003,S007,2025-07-01,251931,Open,2025-07-04"
"PO00439,REQ00023,H003,S002,2025-07-01,249272,Open,2025-07-04"
"PO00440,REQ00023,H003,S005,2025-07-01,128352,Open,2025-07-07"
"PO00441,REQ00023,H003,S004,2025-07-01,302979,Open,2025-07-04"
"PO00442,REQ00023,H003,S010,2025-07-01,2386086,Open,2025-08-01"
"PO00443,REQ00023,H003,S016,2025-07-01,1033948,Open,2025-07-25"
"PO00444,REQ00023,H003,S014,2025-07-01,2096469,Open,2025-07-21"
"PO00445,REQ00023,H003,S015,2025-07-01,3125305,Open,2025-07-23"
"PO00446,REQ00023,H003,S013,2025-07-01,3242503,Open,2025-07-23"
"PO00447,REQ00023,H003,S011,2025-07-01,3318291,Open,2025-07-28"
"PO00448,REQ00023,H003,S017,2025-07-01,1612872,Open,2025-08-04"
"PO00449,REQ00023,H003,S018,2025-07-01,2124507,Open,2025-08-03"
"PO00450,REQ00023,H003,S009,2025-07-01,1137296,Open,2025-07-23"
"PO00451,REQ00023,H003,S012,2025-07-01,1182054,Open,2025-08-11"
"PO00452,REQ00023,H003,S019,2025-07-01,476111,Open,2025-07-23"
"PO00453,REQ00023,H003,S020,2025-07-01,832680,Open,2025-07-04"
"PO00454,REQ00023,H003,S001,2025-07-01,404431,Open,2025-07-05"
"PO00455,REQ00023,H003,S008,2025-07-01,186870,Open,2025-07-08"
"PO00456,REQ00023,H003,S003,2025-07-01,228882,Open,2025-07-07"
"PO00457,REQ00024,H004,S001,2025-07-01,419348,Open,2025-07-05"
"PO00458,REQ00024,H004,S004,2025-07-01,466383,Open,2025-07-04"
"PO00459,REQ00024,H004,S005,2025-07-01,74130,Open,2025-07-07"
"PO00460,REQ00024,H004,S006,2025-07-01,294529,Open,2025-07-05"
"PO00461,REQ00024,H004,S020,2025-07-01,494390,Open,2025-07-04"
"PO00462,REQ00024,H004,S007,2025-07-01,143431,Open,2025-07-04"
"PO00463,REQ00024,H004,S002,2025-07-01,685466,Open,2025-07-04"
"PO00464,REQ00024,H004,S012,2025-07-01,2406204,Open,2025-08-11"
"PO00465,REQ00024,H004,S015,2025-07-01,3117164,Open,2025-07-23"
"PO00466,REQ00024,H004,S019,2025-07-01,1685567,Open,2025-07-23"
"PO00467,REQ00024,H004,S013,2025-07-01,2906180,Open,2025-07-23"
"PO00468,REQ00024,H004,S009,2025-07-01,2635801,Open,2025-07-23"
"PO00469,REQ00024,H004,S011,2025-07-01,3011009,Open,2025-07-28"
"PO00470,REQ00024,H004,S016,2025-07-01,573510,Open,2025-07-25"
"PO00471,REQ00024,H004,S014,2025-07-01,1912392,Open,2025-07-21"
"PO00472,REQ00024,H004,S010,2025-07-01,1745245,Open,2025-08-01"
"PO00473,REQ00024,H004,S018,2025-07-01,848129,Open,2025-08-03"
"PO00474,REQ00024,H004,S017,2025-07-01,305540,Open,2025-08-04"
"PO00475,REQ00024,H004,S008,2025-07-01,275491,Open,2025-07-08"
"PO00476,REQ00024,H004,S003,2025-07-01,267413,Open,2025-07-07"
"PO00477,REQ00025,H005,S005,2025-07-01,811893,Open,2025-07-07"
"PO00478,REQ00025,H005,S006,2025-07-01,355758,Open,2025-07-05"
"PO00479,REQ00025,H005,S007,2025-07-01,249823,Open,2025-07-04"
"PO00480,REQ00025,H005,S001,2025-07-01,358876,Open,2025-07-05"
"PO00481,REQ00025,H005,S014,2025-07-01,868710,Open,2025-07-21"
"PO00482,REQ00025,H005,S016,2025-07-01,3963044,Open,2025-07-25"
"PO00483,REQ00025,H005,S011,2025-07-01,2262248,Open,2025-07-28"
"PO00484,REQ00025,H005,S018,2025-07-01,1713693,Open,2025-08-03"
"PO00485,REQ00025,H005,S012,2025-07-01,2550886,Open,2025-08-11"
"PO00486,REQ00025,H005,S019,2025-07-01,2617372,Open,2025-07-23"
"PO00487,REQ00025,H005,S009,2025-07-01,2657464,Open,2025-07-23"
"PO00488,REQ00025,H005,S017,2025-07-01,2281479,Open,2025-08-04"
"PO00489,REQ00025,H005,S010,2025-07-01,1442713,Open,2025-08-01"
"PO00490,REQ00025,H005,S015,2025-07-01,643516,Open,2025-07-23"
"PO00491,REQ00025,H005,S013,2025-07-01,572317,Open,2025-07-23"
"PO00492,REQ00025,H005,S003,2025-07-01,541398,Open,2025-07-07"
"PO00493,REQ00025,H005,S004,2025-07-01,261666,Open,2025-07-04"
"PO00494,REQ00025,H005,S020,2025-07-01,330027,Open,2025-07-04"
"PO00495,REQ00025,H005,S008,2025-07-01,327877,Open,2025-07-08"
"PO00496,REQ00026,H006,S003,2025-07-01,146371,Open,2025-07-07"
"PO00497,REQ00026,H006,S002,2025-07-01,393925,Open,2025-07-04"
"PO00498,REQ00026,H006,S001,2025-07-01,689434,Open,2025-07-05"
"PO00499,REQ00026,H006,S006,2025-07-01,157420,Open,2025-07-05"
"PO00500,REQ00026,H006,S005,2025-07-01,626707,Open,2025-07-07"
"PO00501,REQ00026,H006,S008,2025-07-01,277149,Open,2025-07-08"
"PO00502,REQ00026,H006,S013,2025-07-01,4063184,Open,2025-07-23"
"PO00503,REQ00026,H006,S018,2025-07-01,1535844,Open,2025-08-03"
"PO00504,REQ00026,H006,S019,2025-07-01,3307135,Open,2025-07-23"
"PO00505,REQ00026,H006,S012,2025-07-01,2135310,Open,2025-08-11"
"PO00506,REQ00026,H006,S016,2025-07-01,1591471,Open,2025-07-25"
"PO00507,REQ00026,H006,S010,2025-07-01,2298411,Open,2025-08-01"
"PO00508,REQ00026,H006,S014,2025-07-01,738973,Open,2025-07-21"
"PO00509,REQ00026,H006,S009,2025-07-01,702406,Open,2025-07-23"
"PO00510,REQ00026,H006,S011,2025-07-01,2802974,Open,2025-07-28"
"PO00511,REQ00026,H006,S015,2025-07-01,1923062,Open,2025-07-23"
"PO00512,REQ00026,H006,S017,2025-07-01,540879,Open,2025-08-04"
"PO00513,REQ00026,H006,S004,2025-07-01,227327,Open,2025-07-04"
"PO00514,REQ00026,H006,S007,2025-07-01,416853,Open,2025-07-04"
"PO00515,REQ00026,H006,S020,2025-07-01,304900,Open,2025-07-04"
"PO00516,REQ00027,H007,S008,2025-07-01,231453,Open,2025-07-08"
"PO00517,REQ00027,H007,S006,2025-07-01,397806,Open,2025-07-05"
"PO00518,REQ00027,H007,S001,2025-07-01,568817,Open,2025-07-05"
"PO00519,REQ00027,H007,S003,2025-07-01,219101,Open,2025-07-07"
"PO00520,REQ00027,H007,S007,2025-07-01,142767,Open,2025-07-04"
"PO00521,REQ00027,H007,S020,2025-07-01,268670,Open,2025-07-04"
"PO00522,REQ00027,H007,S004,2025-07-01,395209,Open,2025-07-04"
"PO00523,REQ00027,H007,S014,2025-07-01,1171356,Open,2025-07-21"
"PO00524,REQ00027,H007,S010,2025-07-01,2819759,Open,2025-08-01"
"PO00525,REQ00027,H007,S019,2025-07-01,1595031,Open,2025-07-23"
"PO00526,REQ00027,H007,S016,2025-07-01,1756890,Open,2025-07-25"
"PO00527,REQ00027,H007,S018,2025-07-01,3652766,Open,2025-08-03"
"PO00528,REQ00027,H007,S011,2025-07-01,3235392,Open,2025-07-28"
"PO00529,REQ00027,H007,S013,2025-07-01,2737176,Open,2025-07-23"
"PO00530,REQ00027,H007,S009,2025-07-01,1610505,Open,2025-07-23"
"PO00531,REQ00027,H007,S015,2025-07-01,693885,Open,2025-07-23"
"PO00532,REQ00027,H007,S017,2025-07-01,1714776,Open,2025-08-04"
"PO00533,REQ00027,H007,S012,2025-07-01,895796,Open,2025-08-11"
"PO00534,REQ00027,H007,S005,2025-07-01,741211,Open,2025-07-07"
"PO00535,REQ00027,H007,S002,2025-07-01,289101,Open,2025-07-04"
"PO00536,REQ00028,H008,S020,2025-07-01,383678,Open,2025-07-04"
"PO00537,REQ00028,H008,S008,2025-07-01,106286,Open,2025-07-08"
"PO00538,REQ00028,H008,S006,2025-07-01,215469,Open,2025-07-05"
"PO00539,REQ00028,H008,S007,2025-07-01,581367,Open,2025-07-04"
"PO00540,REQ00028,H008,S005,2025-07-01,189824,Open,2025-07-07"
"PO00541,REQ00028,H008,S001,2025-07-01,164208,Open,2025-07-05"
"PO00542,REQ00028,H008,S003,2025-07-01,533574,Open,2025-07-07"
"PO00543,REQ00028,H008,S018,2025-07-01,4333225,Open,2025-08-03"
"PO00544,REQ00028,H008,S010,2025-07-01,1218946,Open,2025-08-01"
"PO00545,REQ00028,H008,S013,2025-07-01,4082576,Open,2025-07-23"
"PO00546,REQ00028,H008,S017,2025-07-01,2433616,Open,2025-08-04"
"PO00547,REQ00028,H008,S012,2025-07-01,2179909,Open,2025-08-11"
"PO00548,REQ00028,H008,S009,2025-07-01,2241701,Open,2025-07-23"
"PO00549,REQ00028,H008,S019,2025-07-01,668036,Open,2025-07-23"
"PO00550,REQ00028,H008,S011,2025-07-01,1166663,Open,2025-07-28"
"PO00551,REQ00028,H008,S014,2025-07-01,2188125,Open,2025-07-21"
"PO00552,REQ00028,H008,S016,2025-07-01,361150,Open,2025-07-25"
"PO00553,REQ00028,H008,S015,2025-07-01,524996,Open,2025-07-23"
"PO00554,REQ00028,H008,S002,2025-07-01,637411,Open,2025-07-04"
"PO00555,REQ00028,H008,S004,2025-07-01,397947,Open,2025-07-04"
"PO00556,REQ00029,H009,S001,2025-07-01,369669,Open,2025-07-05"
"PO00557,REQ00029,H009,S005,2025-07-01,238143,Open,2025-07-07"
"PO00558,REQ00029,H009,S002,2025-07-01,49874,Open,2025-07-04"
"PO00559,REQ00029,H009,S003,2025-07-01,502104,Open,2025-07-07"
"PO00560,REQ00029,H009,S006,2025-07-01,252926,Open,2025-07-05"
"PO00561,REQ00029,H009,S004,2025-07-01,182004,Open,2025-07-04"
"PO00562,REQ00029,H009,S008,2025-07-01,604590,Open,2025-07-08"
"PO00563,REQ00029,H009,S007,2025-07-01,532538,Open,2025-07-04"
"PO00564,REQ00029,H009,S018,2025-07-01,2593307,Open,2025-08-03"
"PO00565,REQ00029,H009,S013,2025-07-01,1909101,Open,2025-07-23"
"PO00566,REQ00029,H009,S019,2025-07-01,2631865,Open,2025-07-23"
"PO00567,REQ00029,H009,S015,2025-07-01,2321837,Open,2025-07-23"
"PO00568,REQ00029,H009,S010,2025-07-01,2298446,Open,2025-08-01"
"PO00569,REQ00029,H009,S014,2025-07-01,1786860,Open,2025-07-21"
"PO00570,REQ00029,H009,S012,2025-07-01,3004417,Open,2025-08-11"
"PO00571,REQ00029,H009,S009,2025-07-01,1843674,Open,2025-07-23"
"PO00572,REQ00029,H009,S016,2025-07-01,1360689,Open,2025-07-25"
"PO00573,REQ00029,H009,S011,2025-07-01,1077943,Open,2025-07-28"
"PO00574,REQ00029,H009,S020,2025-07-01,542217,Open,2025-07-04"
"PO00575,REQ00029,H009,S017,2025-07-01,756410,Open,2025-08-04"
"PO00576,REQ00030,H010,S003,2025-07-01,438092,Open,2025-07-07"
"PO00577,REQ00030,H010,S020,2025-07-01,268025,Open,2025-07-04"
"PO00578,REQ00030,H010,S006,2025-07-01,203162,Open,2025-07-05"
"PO00579,REQ00030,H010,S002,2025-07-01,535410,Open,2025-07-04"
"PO00580,REQ00030,H010,S005,2025-07-01,290351,Open,2025-07-07"
"PO00581,REQ00030,H010,S001,2025-07-01,234028,Open,2025-07-05"
"PO00582,REQ00030,H010,S007,2025-07-01,481034,Open,2025-07-04"
"PO00583,REQ00030,H010,S004,2025-07-01,580115,Open,2025-07-04"
"PO00584,REQ00030,H010,S011,2025-07-01,1931392,Open,2025-07-28"
"PO00585,REQ00030,H010,S015,2025-07-01,661031,Open,2025-07-23"
"PO00586,REQ00030,H010,S019,2025-07-01,1372726,Open,2025-07-23"
"PO00587,REQ00030,H010,S010,2025-07-01,1913294,Open,2025-08-01"
"PO00588,REQ00030,H010,S017,2025-07-01,3617666,Open,2025-08-04"
"PO00589,REQ00030,H010,S014,2025-07-01,1947978,Open,2025-07-21"
"PO00590,REQ00030,H010,S016,2025-07-01,2096331,Open,2025-07-25"
"PO00591,REQ00030,H010,S012,2025-07-01,2491741,Open,2025-08-11"
"PO00592,REQ00030,H010,S013,2025-07-01,1945564,Open,2025-07-23"
"PO00593,REQ00030,H010,S009,2025-07-01,1991317,Open,2025-07-23"
"PO00594,REQ00030,H010,S018,2025-07-01,791309,Open,2025-08-03"
"PO00595,REQ00030,H010,S008,2025-07-01,124624,Open,2025-07-08"
"PO00596,REQ00031,H001,S005,2025-10-01,610267,Open,2025-10-07"
"PO00597,REQ00031,H001,S008,2025-10-01,209511,Open,2025-10-08"
"PO00598,REQ00031,H001,S004,2025-10-01,786040,Open,2025-10-04"
"PO00599,REQ00031,H001,S006,2025-10-01,439201,Open,2025-10-05"
"PO00600,REQ00031,H001,S020,2025-10-01,169190,Open,2025-10-04"
"PO00601,REQ00031,H001,S001,2025-10-01,342117,Open,2025-10-05"
"PO00602,REQ00031,H001,S016,2025-10-01,2211610,Open,2025-10-25"
"PO00603,REQ00031,H001,S010,2025-10-01,3849622,Open,2025-11-01"
"PO00604,REQ00031,H001,S014,2025-10-01,2353287,Open,2025-10-21"
"PO00605,REQ00031,H001,S015,2025-10-01,1745714,Open,2025-10-23"
"PO00606,REQ00031,H001,S018,2025-10-01,3560791,Open,2025-11-03"
"PO00607,REQ00031,H001,S019,2025-10-01,1356438,Open,2025-10-23"
"PO00608,REQ00031,H001,S011,2025-10-01,1684045,Open,2025-10-28"
"PO00609,REQ00031,H001,S013,2025-10-01,2626255,Open,2025-10-23"
"PO00610,REQ00031,H001,S012,2025-10-01,1851479,Open,2025-11-11"
"PO00611,REQ00031,H001,S017,2025-10-01,934855,Open,2025-11-04"
"PO00612,REQ00031,H001,S009,2025-10-01,122485,Open,2025-10-23"
"PO00613,REQ00031,H001,S007,2025-10-01,483451,Open,2025-10-04"
"PO00614,REQ00031,H001,S002,2025-10-01,243177,Open,2025-10-04"
"PO00615,REQ00032,H002,S004,2025-10-01,340170,Open,2025-10-04"
"PO00616,REQ00032,H002,S020,2025-10-01,193225,Open,2025-10-04"
"PO00617,REQ00032,H002,S005,2025-10-01,585188,Open,2025-10-07"
"PO00618,REQ00032,H002,S001,2025-10-01,250674,Open,2025-10-05"
"PO00619,REQ00032,H002,S002,2025-10-01,392360,Open,2025-10-04"
"PO00620,REQ00032,H002,S003,2025-10-01,378441,Open,2025-10-07"
"PO00621,REQ00032,H002,S008,2025-10-01,625718,Open,2025-10-08"
"PO00622,REQ00032,H002,S016,2025-10-01,809003,Open,2025-10-25"
"PO00623,REQ00032,H002,S011,2025-10-01,3613713,Open,2025-10-28"
"PO00624,REQ00032,H002,S019,2025-10-01,3579519,Open,2025-10-23"
"PO00625,REQ00032,H002,S015,2025-10-01,2706419,Open,2025-10-23"
"PO00626,REQ00032,H002,S014,2025-10-01,2227844,Open,2025-10-21"
"PO00627,REQ00032,H002,S009,2025-10-01,1256607,Open,2025-10-23"
"PO00628,REQ00032,H002,S013,2025-10-01,1754104,Open,2025-10-23"
"PO00629,REQ00032,H002,S010,2025-10-01,1687472,Open,2025-11-01"
"PO00630,REQ00032,H002,S018,2025-10-01,1137684,Open,2025-11-03"
"PO00631,REQ00032,H002,S017,2025-10-01,2265185,Open,2025-11-04"
"PO00632,REQ00032,H002,S012,2025-10-01,711969,Open,2025-11-11"
"PO00633,REQ00032,H002,S007,2025-10-01,394775,Open,2025-10-04"
"PO00634,REQ00032,H002,S006,2025-10-01,100909,Open,2025-10-05"
"PO00635,REQ00033,H003,S001,2025-10-01,279768,Open,2025-10-05"
"PO00636,REQ00033,H003,S004,2025-10-01,455679,Open,2025-10-04"
"PO00637,REQ00033,H003,S006,2025-10-01,316604,Open,2025-10-05"
"PO00638,REQ00033,H003,S005,2025-10-01,355044,Open,2025-10-07"
"PO00639,REQ00033,H003,S020,2025-10-01,602751,Open,2025-10-04"
"PO00640,REQ00033,H003,S013,2025-10-01,3513810,Open,2025-10-23"
"PO00641,REQ00033,H003,S011,2025-10-01,1579699,Open,2025-10-28"
"PO00642,REQ00033,H003,S012,2025-10-01,2554398,Open,2025-11-11"
"PO00643,REQ00033,H003,S016,2025-10-01,3971796,Open,2025-10-25"
"PO00644,REQ00033,H003,S019,2025-10-01,1348988,Open,2025-10-23"
"PO00645,REQ00033,H003,S018,2025-10-01,3990937,Open,2025-11-03"
"PO00646,REQ00033,H003,S010,2025-10-01,1618314,Open,2025-11-01"
"PO00647,REQ00033,H003,S017,2025-10-01,1742052,Open,2025-11-04"
"PO00648,REQ00033,H003,S009,2025-10-01,500452,Open,2025-10-23"
"PO00649,REQ00033,H003,S015,2025-10-01,907354,Open,2025-10-23"
"PO00650,REQ00033,H003,S014,2025-10-01,370565,Open,2025-10-21"
"PO00651,REQ00033,H003,S002,2025-10-01,365702,Open,2025-10-04"
"PO00652,REQ00033,H003,S008,2025-10-01,437425,Open,2025-10-08"
"PO00653,REQ00033,H003,S007,2025-10-01,189010,Open,2025-10-04"
"PO00654,REQ00033,H003,S003,2025-10-01,204075,Open,2025-10-07"
"PO00655,REQ00034,H004,S007,2025-10-01,444198,Open,2025-10-04"
"PO00656,REQ00034,H004,S008,2025-10-01,346185,Open,2025-10-08"
"PO00657,REQ00034,H004,S002,2025-10-01,488153,Open,2025-10-04"
"PO00658,REQ00034,H004,S003,2025-10-01,351413,Open,2025-10-07"
"PO00659,REQ00034,H004,S020,2025-10-01,437113,Open,2025-10-04"
"PO00660,REQ00034,H004,S001,2025-10-01,226112,Open,2025-10-05"
"PO00661,REQ00034,H004,S004,2025-10-01,169851,Open,2025-10-04"
"PO00662,REQ00034,H004,S019,2025-10-01,1883654,Open,2025-10-23"
"PO00663,REQ00034,H004,S010,2025-10-01,3546925,Open,2025-11-01"
"PO00664,REQ00034,H004,S017,2025-10-01,2920610,Open,2025-11-04"
"PO00665,REQ00034,H004,S016,2025-10-01,2736070,Open,2025-10-25"
"PO00666,REQ00034,H004,S015,2025-10-01,4108314,Open,2025-10-23"
"PO00667,REQ00034,H004,S009,2025-10-01,700072,Open,2025-10-23"
"PO00668,REQ00034,H004,S018,2025-10-01,2222061,Open,2025-11-03"
"PO00669,REQ00034,H004,S012,2025-10-01,524592,Open,2025-11-11"
"PO00670,REQ00034,H004,S011,2025-10-01,866234,Open,2025-10-28"
"PO00671,REQ00034,H004,S014,2025-10-01,1022354,Open,2025-10-21"
"PO00672,REQ00034,H004,S013,2025-10-01,1418946,Open,2025-10-23"
"PO00673,REQ00034,H004,S005,2025-10-01,615179,Open,2025-10-07"
"PO00674,REQ00034,H004,S006,2025-10-01,146034,Open,2025-10-05"
"PO00675,REQ00035,H005,S020,2025-10-01,653911,Open,2025-10-04"
"PO00676,REQ00035,H005,S001,2025-10-01,321857,Open,2025-10-05"
"PO00677,REQ00035,H005,S007,2025-10-01,448019,Open,2025-10-04"
"PO00678,REQ00035,H005,S002,2025-10-01,144245,Open,2025-10-04"
"PO00679,REQ00035,H005,S005,2025-10-01,277171,Open,2025-10-07"
"PO00680,REQ00035,H005,S006,2025-10-01,464136,Open,2025-10-05"
"PO00681,REQ00035,H005,S008,2025-10-01,289336,Open,2025-10-08"
"PO00682,REQ00035,H005,S014,2025-10-01,2883158,Open,2025-10-21"
"PO00683,REQ00035,H005,S019,2025-10-01,3811097,Open,2025-10-23"
"PO00684,REQ00035,H005,S015,2025-10-01,4242187,Open,2025-10-23"
"PO00685,REQ00035,H005,S017,2025-10-01,2739482,Open,2025-11-04"
"PO00686,REQ00035,H005,S018,2025-10-01,1583166,Open,2025-11-03"
"PO00687,REQ00035,H005,S012,2025-10-01,732107,Open,2025-11-11"
"PO00688,REQ00035,H005,S011,2025-10-01,1720350,Open,2025-10-28"
"PO00689,REQ00035,H005,S013,2025-10-01,1847421,Open,2025-10-23"
"PO00690,REQ00035,H005,S016,2025-10-01,966418,Open,2025-10-25"
"PO00691,REQ00035,H005,S010,2025-10-01,1325983,Open,2025-11-01"
"PO00692,REQ00035,H005,S009,2025-10-01,85374,Open,2025-10-23"
"PO00693,REQ00035,H005,S003,2025-10-01,591934,Open,2025-10-07"
"PO00694,REQ00035,H005,S004,2025-10-01,120787,Open,2025-10-04"
"PO00695,REQ00036,H006,S006,2025-10-01,321048,Open,2025-10-05"
"PO00696,REQ00036,H006,S004,2025-10-01,263985,Open,2025-10-04"
"PO00697,REQ00036,H006,S007,2025-10-01,171001,Open,2025-10-04"
"PO00698,REQ00036,H006,S020,2025-10-01,648985,Open,2025-10-04"
"PO00699,REQ00036,H006,S003,2025-10-01,156160,Open,2025-10-07"
"PO00700,REQ00036,H006,S002,2025-10-01,756724,Open,2025-10-04"
"PO00701,REQ00036,H006,S014,2025-10-01,1808452,Open,2025-10-21"
"PO00702,REQ00036,H006,S012,2025-10-01,1595808,Open,2025-11-11"
"PO00703,REQ00036,H006,S015,2025-10-01,1534871,Open,2025-10-23"
"PO00704,REQ00036,H006,S018,2025-10-01,2737047,Open,2025-11-03"
"PO00705,REQ00036,H006,S017,2025-10-01,3222656,Open,2025-11-04"
"PO00706,REQ00036,H006,S011,2025-10-01,2542416,Open,2025-10-28"
"PO00707,REQ00036,H006,S019,2025-10-01,2398738,Open,2025-10-23"
"PO00708,REQ00036,H006,S016,2025-10-01,1749637,Open,2025-10-25"
"PO00709,REQ00036,H006,S009,2025-10-01,2117718,Open,2025-10-23"
"PO00710,REQ00036,H006,S013,2025-10-01,1350849,Open,2025-10-23"
"PO00711,REQ00036,H006,S010,2025-10-01,992856,Open,2025-11-01"
"PO00712,REQ00036,H006,S001,2025-10-01,517808,Open,2025-10-05"
"PO00713,REQ00036,H006,S008,2025-10-01,276973,Open,2025-10-08"
"PO00714,REQ00036,H006,S005,2025-10-01,120825,Open,2025-10-07"
"PO00715,REQ00037,H007,S020,2025-10-01,577593,Open,2025-10-04"
"PO00716,REQ00037,H007,S008,2025-10-01,454766,Open,2025-10-08"
"PO00717,REQ00037,H007,S005,2025-10-01,404614,Open,2025-10-07"
"PO00718,REQ00037,H007,S002,2025-10-01,135995,Open,2025-10-04"
"PO00719,REQ00037,H007,S007,2025-10-01,141635,Open,2025-10-04"
"PO00720,REQ00037,H007,S001,2025-10-01,240856,Open,2025-10-05"
"PO00721,REQ00037,H007,S014,2025-10-01,2270863,Open,2025-10-21"
"PO00722,REQ00037,H007,S010,2025-10-01,1635741,Open,2025-11-01"
"PO00723,REQ00037,H007,S018,2025-10-01,2052324,Open,2025-11-03"
"PO00724,REQ00037,H007,S012,2025-10-01,3032713,Open,2025-11-11"
"PO00725,REQ00037,H007,S013,2025-10-01,2597651,Open,2025-10-23"
"PO00726,REQ00037,H007,S011,2025-10-01,2727661,Open,2025-10-28"
"PO00727,REQ00037,H007,S009,2025-10-01,1435049,Open,2025-10-23"
"PO00728,REQ00037,H007,S015,2025-10-01,1866426,Open,2025-10-23"
"PO00729,REQ00037,H007,S019,2025-10-01,1577698,Open,2025-10-23"
"PO00730,REQ00037,H007,S017,2025-10-01,2327554,Open,2025-11-04"
"PO00731,REQ00037,H007,S016,2025-10-01,720425,Open,2025-10-25"
"PO00732,REQ00037,H007,S004,2025-10-01,682506,Open,2025-10-04"
"PO00733,REQ00037,H007,S006,2025-10-01,631813,Open,2025-10-05"
"PO00734,REQ00038,H008,S002,2025-10-01,236658,Open,2025-10-04"
"PO00735,REQ00038,H008,S007,2025-10-01,292088,Open,2025-10-04"
"PO00736,REQ00038,H008,S003,2025-10-01,660748,Open,2025-10-07"
"PO00737,REQ00038,H008,S005,2025-10-01,329028,Open,2025-10-07"
"PO00738,REQ00038,H008,S008,2025-10-01,480691,Open,2025-10-08"
"PO00739,REQ00038,H008,S006,2025-10-01,253644,Open,2025-10-05"
"PO00740,REQ00038,H008,S004,2025-10-01,271478,Open,2025-10-04"
"PO00741,REQ00038,H008,S017,2025-10-01,1752424,Open,2025-11-04"
"PO00742,REQ00038,H008,S019,2025-10-01,2038452,Open,2025-10-23"
"PO00743,REQ00038,H008,S013,2025-10-01,4154604,Open,2025-10-23"
"PO00744,REQ00038,H008,S012,2025-10-01,2316714,Open,2025-11-11"
"PO00745,REQ00038,H008,S016,2025-10-01,2776207,Open,2025-10-25"
"PO00746,REQ00038,H008,S010,2025-10-01,1782163,Open,2025-11-01"
"PO00747,REQ00038,H008,S015,2025-10-01,1829843,Open,2025-10-23"
"PO00748,REQ00038,H008,S009,2025-10-01,1320190,Open,2025-10-23"
"PO00749,REQ00038,H008,S011,2025-10-01,928806,Open,2025-10-28"
"PO00750,REQ00038,H008,S018,2025-10-01,1681494,Open,2025-11-03"
"PO00751,REQ00038,H008,S014,2025-10-01,981610,Open,2025-10-21"
"PO00752,REQ00038,H008,S001,2025-10-01,360054,Open,2025-10-05"
"PO00753,REQ00038,H008,S020,2025-10-01,377256,Open,2025-10-04"
"PO00754,REQ00039,H009,S020,2025-10-01,681601,Open,2025-10-04"
"PO00755,REQ00039,H009,S004,2025-10-01,280031,Open,2025-10-04"
"PO00756,REQ00039,H009,S005,2025-10-01,290823,Open,2025-10-07"
"PO00757,REQ00039,H009,S002,2025-10-01,630621,Open,2025-10-04"
"PO00758,REQ00039,H009,S001,2025-10-01,160945,Open,2025-10-05"
"PO00759,REQ00039,H009,S003,2025-10-01,289471,Open,2025-10-07"
"PO00760,REQ00039,H009,S006,2025-10-01,312891,Open,2025-10-05"
"PO00761,REQ00039,H009,S011,2025-10-01,2143981,Open,2025-10-28"
"PO00762,REQ00039,H009,S012,2025-10-01,3516046,Open,2025-11-11"
"PO00763,REQ00039,H009,S015,2025-10-01,1022203,Open,2025-10-23"
"PO00764,REQ00039,H009,S019,2025-10-01,2828238,Open,2025-10-23"
"PO00765,REQ00039,H009,S010,2025-10-01,2572617,Open,2025-11-01"
"PO00766,REQ00039,H009,S016,2025-10-01,1946229,Open,2025-10-25"
"PO00767,REQ00039,H009,S018,2025-10-01,3956350,Open,2025-11-03"
"PO00768,REQ00039,H009,S013,2025-10-01,1793891,Open,2025-10-23"
"PO00769,REQ00039,H009,S009,2025-10-01,555029,Open,2025-10-23"
"PO00770,REQ00039,H009,S017,2025-10-01,640470,Open,2025-11-04"
"PO00771,REQ00039,H009,S014,2025-10-01,826306,Open,2025-10-21"
"PO00772,REQ00039,H009,S008,2025-10-01,52900,Open,2025-10-08"
"PO00773,REQ00039,H009,S007,2025-10-01,593335,Open,2025-10-04"
"PO00774,REQ00040,H010,S001,2025-10-01,687669,Open,2025-10-05"
"PO00775,REQ00040,H010,S008,2025-10-01,121591,Open,2025-10-08"
"PO00776,REQ00040,H010,S003,2025-10-01,248807,Open,2025-10-07"
"PO00777,REQ00040,H010,S005,2025-10-01,324784,Open,2025-10-07"
"PO00778,REQ00040,H010,S002,2025-10-01,217500,Open,2025-10-04"
"PO00779,REQ00040,H010,S020,2025-10-01,739295,Open,2025-10-04"
"PO00780,REQ00040,H010,S007,2025-10-01,592703,Open,2025-10-04"
"PO00781,REQ00040,H010,S004,2025-10-01,127858,Open,2025-10-04"
"PO00782,REQ00040,H010,S018,2025-10-01,3096412,Open,2025-11-03"
"PO00783,REQ00040,H010,S014,2025-10-01,1577910,Open,2025-10-21"
"PO00784,REQ00040,H010,S016,2025-10-01,2311583,Open,2025-10-25"
"PO00785,REQ00040,H010,S010,2025-10-01,3069452,Open,2025-11-01"
"PO00786,REQ00040,H010,S019,2025-10-01,2736990,Open,2025-10-23"
"PO00787,REQ00040,H010,S015,2025-10-01,2054151,Open,2025-10-23"
"PO00788,REQ00040,H010,S017,2025-10-01,1804460,Open,2025-11-04"
"PO00789,REQ00040,H010,S013,2025-10-01,710038,Open,2025-10-23"
"PO00790,REQ00040,H010,S012,2025-10-01,1135891,Open,2025-11-11"
"PO00791,REQ00040,H010,S009,2025-10-01,1179782,Open,2025-10-23"
"PO00792,REQ00040,H010,S011,2025-10-01,2118693,Open,2025-10-28"
"PO00793,REQ00040,H010,S006,2025-10-01,131868,Open,2025-10-05"
